call_id,company,service,tier,province,city,start_price,first_offer,achieved_price,months,argument,vibe,outcome,source,created_at
seed-001,rogers,internet,gig,BC,Surrey,95,5,55,12,competitor_match,relentless,win,seed,2026-06-04T16:12:00Z
seed-002,rogers,internet,gig,BC,Burnaby,100,10,60,12,competitor_match,relentless,win,seed,2026-06-11T17:40:00Z
seed-003,rogers,internet,gig,BC,Surrey,96,5,55,24,cancel_threat,relentless,win,seed,2026-06-19T16:05:00Z
seed-004,rogers,internet,gig,BC,Vancouver,92,0,50,12,competitor_match,lawyer,win,seed,2026-07-02T18:22:00Z
seed-005,rogers,internet,gig,BC,Richmond,98,10,65,12,loyalty,polite,win,seed,2026-07-15T19:01:00Z
seed-006,rogers,internet,gig,BC,Coquitlam,95,5,95,,loyalty,polite,no_deal,seed,2026-07-21T20:30:00Z
seed-007,rogers,internet,gig,BC,Surrey,95,5,95,,supervisor,grandma,no_deal,seed,2026-08-03T16:45:00Z
seed-008,telus,internet,gig,BC,Vancouver,105,10,50,24,competitor_match,relentless,win,seed,2026-06-08T17:10:00Z
seed-009,telus,internet,gig,BC,Burnaby,110,15,55,12,cancel_threat,lawyer,win,seed,2026-08-14T16:30:00Z
seed-010,shaw,internet,gig,BC,Surrey,115,10,60,12,competitor_match,relentless,win,seed,2026-07-09T18:00:00Z
seed-011,shaw,internet,gig,BC,Langley,115,20,55,12,cancel_threat,grandma,win,seed,2026-08-22T17:25:00Z
seed-012,rogers,internet,mid,BC,Surrey,85,5,60,12,competitor_match,relentless,win,seed,2026-07-28T16:15:00Z
seed-013,bell,mobile,large,ON,Toronto,95,10,65,24,competitor_match,relentless,win,seed,2026-06-15T14:20:00Z
seed-014,bell,mobile,large,ON,Mississauga,95,5,70,12,loyalty,polite,win,seed,2026-07-06T15:05:00Z
seed-015,bell,mobile,large,ON,Toronto,90,10,60,24,cancel_threat,lawyer,win,seed,2026-08-01T13:50:00Z
seed-016,bell,mobile,large,ON,Ottawa,95,0,95,,supervisor,polite,no_deal,seed,2026-08-19T16:40:00Z
seed-017,rogers,mobile,large,ON,Toronto,95,10,65,24,competitor_match,relentless,win,seed,2026-07-17T14:00:00Z
seed-018,telus,mobile,large,BC,Burnaby,85,5,60,24,competitor_match,relentless,win,seed,2026-06-25T17:35:00Z
seed-019,telus,mobile,large,BC,Surrey,85,10,55,12,cancel_threat,grandma,win,seed,2026-08-08T18:15:00Z
seed-020,telus,mobile,large,BC,Vancouver,85,5,85,,loyalty,polite,no_deal,seed,2026-09-02T19:10:00Z
seed-021,rogers,mobile,large,BC,Surrey,85,10,60,24,competitor_match,relentless,win,seed,2026-09-05T16:50:00Z
seed-022,bc hydro,utility,,BC,Surrey,0,0,0,,hardship,grandma,win,seed,2026-08-12T16:00:00Z
seed-023,bc hydro,utility,,BC,Vancouver,0,0,0,,loyalty,polite,win,seed,2026-09-10T17:20:00Z
