COMPANY,PLAN_TYPE,ASKED_FOR,ARGUMENT_USED,RESULT,DISCOUNT_MONTHLY,DURATION_MONTHS,SOURCE_URL,REPORTED_ON
Rogers,internet,1.5 Gbps internet for $39.99/mo,retention dept,won,30,24,https://forums.redflagdeals.com/rogers-rogers-internet-retention-1-5gbit-39-99-2-year-2630704/,
Rogers,internet,Ultimate 1G internet for $55/mo + $300 bill credit,retention dept,won,85,,https://forums.redflagdeals.com/rogers-retention-deal-ultimate-1g-home-internet-plan-55-month-300-billing-credit-2757945/,
Rogers,internet,500 Mbps unlimited internet for $35/mo,retention dept,won,82,,https://forums.redflagdeals.com/rogers-ymmv-home-internet-rogers-retention-plan-35-500mbps-unlimited-2254659/,
Rogers,internet,Internet retention deal,retention dept,won,45,24,https://forums.redflagdeals.com/rogers-rogers-internet-retention-deal-2712858/,
Rogers,internet,1 Gbps internet for $29/mo (current/previous customers),loyalty,lost,,,https://forums.redflagdeals.com/rogers-rogers-home-internet-1gbps-29-previous-current-customers-ymmv-2263857/,
Bell,internet,1.5 Gbps internet for $20/mo with a $40 100GB phone plan,retention dept,won,,,https://forums.redflagdeals.com/bell-ymmv-bell-home-internet-retention-offer-20-1-5-gigs-when-coupled-phone-plan-40-100-gb-data-2681394/,
Bell,internet,1.5 Gbps internet for $65/mo (GTA),retention dept,won,25,24,https://forums.redflagdeals.com/bell-bell-internet-retention-1-5gig-65-24month-ymmv-gta-2590699/,
Bell,bundle,Gigabit Fibe + Fibe TV for $79.95/mo,retention dept,lost,,,https://forums.redflagdeals.com/bell-bell-retention-offer-gigabit-fibe-fibe-tv-79-95-ymmv-2457399/,
Bell,internet,Gigabit Fibe for $59.95/mo,retention dept,won,55,24,https://forums.redflagdeals.com/bell-retention-gigabit-fibe-59-95-month-2355927/,
Shaw,internet,$100 bill credit,retention dept,won,100,,https://forums.redflagdeals.com/shaw-ymmv-shaw-100-off-credit-retention-2158523/,
Shaw,internet,300 Mbps internet for $59/mo + $200 bill credit,loyalty,won,10,24,https://forums.redflagdeals.com/shaw-ymmv-shaw-loyalty-24-months-300-mbps-59-tax-200-bill-credit-2591480/,
Fido,internet,50% off internet,retention dept,won,30,12,https://forums.redflagdeals.com/fido-fido-internet-retention-50-off-1-year-ymmv-2211884/,
Telus,mobile,Two lines at $35/line with 150GB Canada/US,retention dept,won,40,,https://forums.redflagdeals.com/telus-telus-retentions-35-per-line-two-lines-150gb-can-us-0-pixel-10-pro-bib-2791489/,
Telus,mobile,30GB for $50/mo (+$7.50 per extra line),retention dept,won,60,,https://forums.redflagdeals.com/telus-telus-retention-offer-50-30gb-7-50-line-additional-line-eligible-pm-koodo-ex-customer-2561151/,
Telus,bundle,Match Shaw's internet/TV/phone price,competitor price,won,,,https://forums.redflagdeals.com/telus-crazy-internet-tv-phone-price-match-offer-shaw-2024195/,
Rogers,mobile,$60/10GB plan after the promo deadline,cancel threat,won,,,https://www.cbc.ca/lite/story/1.4481360,2018-01-14
Bell,mobile,$60/10GB plan and a phone unlock to switch,cancel threat,partial,20,,https://www.cbc.ca/lite/story/1.4481360,2018-01-14
Telus,mobile,Avoid the $10/mo price increase on a $60/10GB plan,retention dept,partial,0,,https://www.iphoneincanada.ca/2019/02/12/telus-retentions-70-15gb-plan/,2019-02-12
Telus,mobile,A new flip phone (device credit),retention dept,lost,0,,https://productioncommunity.publicmobile.ca/t5/Get-Support/Telus-Retention-Calls/m-p/420264/highlight/true#M308988,2019-09-05